{
  "start_cash": 1000000.0,
  "final_value": 489770.3477132461,
  "total_return": -0.5102296522867539,
  "annual_return": -0.6173698192272905,
  "annual_volatility": 2.5901601754680046,
  "sharpe_ratio": -0.8069025290362786,
  "max_drawdown": 81.66359968187984,
  "max_drawdown_bars": 34419,
  "total_trades": 8594,
  "win_rate": 0.39969746334652084
}