{
  "start_cash": 1000000.0,
  "final_value": 338727.7908720775,
  "total_return": -0.6612722091279225,
  "annual_return": -0.912171049777545,
  "annual_volatility": 0.896671876545302,
  "sharpe_ratio": -1.370225003609397,
  "max_drawdown": 72.59706970068495,
  "max_drawdown_bars": 20048,
  "total_trades": 22892,
  "win_rate": 0.44233793464965926
}